User{UserID='mteodorskij4', FirstName='Maximilien', LastName='Teodorski', Version=1, InsuranceCompany='Company B'}
User{UserID='dgriffehn', FirstName='Dulcinea', LastName='Griffe', Version=2, InsuranceCompany='Company B'}
User{UserID='twincer1g', FirstName='Tish', LastName='Wincer', Version=3, InsuranceCompany='Company B'}
User{UserID='ckeaysellqh', FirstName='Chad', LastName='Keaysell', Version=1, InsuranceCompany='Company B'}
User{UserID='klardnerbr', FirstName='Kelila', LastName='Lardner', Version=3, InsuranceCompany='Company B'}
User{UserID='hdickenau', FirstName='Hernando', LastName='Dicken', Version=2, InsuranceCompany='Company B'}
User{UserID='myukhninod', FirstName='Maurise', LastName='Yukhnin', Version=1, InsuranceCompany='Company B'}
User{UserID='dmaddyqj', FirstName='Debera', LastName='Maddy', Version=1, InsuranceCompany='Company B'}
User{UserID='msymcock4n', FirstName='Maitilde', LastName='Symcock', Version=2, InsuranceCompany='Company B'}
User{UserID='bgreatrakes17', FirstName='Barron', LastName='Greatrakes', Version=4, InsuranceCompany='Company B'}
User{UserID='rsleightholm31', FirstName='Rea', LastName='Sleightholm', Version=2, InsuranceCompany='Company B'}
User{UserID='sfattorig3', FirstName='Stirling', LastName='Fattori', Version=4, InsuranceCompany='Company B'}
User{UserID='lchingedehalslb', FirstName='Ladonna', LastName='Chinge de Hals', Version=3, InsuranceCompany='Company B'}
User{UserID='bconyer3y', FirstName='Burl', LastName='Conyer', Version=3, InsuranceCompany='Company B'}
User{UserID='vklosskk', FirstName='Vinson', LastName='Kloss', Version=1, InsuranceCompany='Company B'}
User{UserID='cpertongd', FirstName='Christan', LastName='Perton', Version=3, InsuranceCompany='Company B'}
User{UserID='aitzkovskymg', FirstName='Aimee', LastName='Itzkovsky', Version=3, InsuranceCompany='Company B'}
User{UserID='aastellmz', FirstName='Alice', LastName='Astell', Version=4, InsuranceCompany='Company B'}
User{UserID='mcreighton8x', FirstName='Muhammad', LastName='Creighton', Version=1, InsuranceCompany='Company B'}
User{UserID='owickardtdy', FirstName='Oliviero', LastName='Wickardt', Version=4, InsuranceCompany='Company B'}
User{UserID='mhiscocksb2', FirstName='Michele', LastName='Hiscocks', Version=2, InsuranceCompany='Company B'}
User{UserID='lobeec0', FirstName='Lonny', LastName='O' Bee', Version=2, InsuranceCompany='Company B'}
User{UserID='tneldp', FirstName='Thurston', LastName='Nel', Version=2, InsuranceCompany='Company B'}
User{UserID='jsmithiesq7', FirstName='Justinian', LastName='Smithies', Version=3, InsuranceCompany='Company B'}
User{UserID='vpetruschfz', FirstName='Vickie', LastName='Petrusch', Version=2, InsuranceCompany='Company B'}
User{UserID='acreelmanpz', FirstName='Ahmed', LastName='Creelman', Version=2, InsuranceCompany='Company B'}
User{UserID='bburnistonju', FirstName='Beatriz', LastName='Burniston', Version=4, InsuranceCompany='Company B'}
User{UserID='rbrokenshawr4', FirstName='Robinet', LastName='Brokenshaw', Version=4, InsuranceCompany='Company B'}
User{UserID='jlux6j', FirstName='Joshuah', LastName='Lux', Version=2, InsuranceCompany='Company B'}
User{UserID='dwombwellr2', FirstName='Dolores', LastName='Wombwell', Version=1, InsuranceCompany='Company B'}
User{UserID='dmassenkc', FirstName='Dania', LastName='Massen', Version=4, InsuranceCompany='Company B'}
User{UserID='saronowitzf8', FirstName='Sacha', LastName='Aronowitz', Version=4, InsuranceCompany='Company B'}
User{UserID='ccumming4f', FirstName='Christos', LastName='Cumming', Version=2, InsuranceCompany='Company B'}
User{UserID='tlippiett4p', FirstName='Thibaud', LastName='Lippiett', Version=4, InsuranceCompany='Company B'}
User{UserID='bbondsd8', FirstName='Buddy', LastName='Bonds', Version=4, InsuranceCompany='Company B'}
User{UserID='bpaddefieldnw', FirstName='Barnaby', LastName='Paddefield', Version=1, InsuranceCompany='Company B'}
User{UserID='ecoghlinhc', FirstName='Elmira', LastName='Coghlin', Version=1, InsuranceCompany='Company B'}
User{UserID='dbayless6i', FirstName='Dedie', LastName='Bayless', Version=3, InsuranceCompany='Company B'}
User{UserID='rcailloukd', FirstName='Rorke', LastName='Caillou', Version=4, InsuranceCompany='Company B'}
User{UserID='dhuckscn', FirstName='Dannye', LastName='Hucks', Version=3, InsuranceCompany='Company B'}
User{UserID='kboyleseq', FirstName='Karoline', LastName='Boyles', Version=4, InsuranceCompany='Company B'}
User{UserID='tdebernardispa', FirstName='Tam', LastName='De Bernardis', Version=4, InsuranceCompany='Company B'}
User{UserID='sdewhurstap', FirstName='Susy', LastName='Dewhurst', Version=1, InsuranceCompany='Company B'}
User{UserID='gruffliqg', FirstName='Garrard', LastName='Ruffli', Version=1, InsuranceCompany='Company B'}
User{UserID='lscinellica', FirstName='Lissa', LastName='Scinelli', Version=4, InsuranceCompany='Company B'}
User{UserID='abowlesworthr3', FirstName='Allistir', LastName='Bowlesworth', Version=1, InsuranceCompany='Company B'}
User{UserID='sdepportrc', FirstName='Sid', LastName='Depport', Version=4, InsuranceCompany='Company B'}
User{UserID='sfallowesf9', FirstName='Stephanie', LastName='Fallowes', Version=1, InsuranceCompany='Company B'}
User{UserID='rseamarke30', FirstName='Rosaline', LastName='Seamarke', Version=2, InsuranceCompany='Company B'}
User{UserID='rhobbert6l', FirstName='Rhett', LastName='Hobbert', Version=4, InsuranceCompany='Company B'}
User{UserID='credmillenh', FirstName='Cecil', LastName='Redmille', Version=4, InsuranceCompany='Company B'}
User{UserID='stedderaz', FirstName='Sayer', LastName='Tedder', Version=1, InsuranceCompany='Company B'}
User{UserID='amackettll', FirstName='Archibaldo', LastName='Mackett', Version=4, InsuranceCompany='Company B'}
User{UserID='tporcherg6', FirstName='Trula', LastName='Porcher', Version=3, InsuranceCompany='Company B'}
User{UserID='clocklessld', FirstName='Chicky', LastName='Lockless', Version=1, InsuranceCompany='Company B'}
User{UserID='hbenitods', FirstName='Herminia', LastName='Benito', Version=2, InsuranceCompany='Company B'}
User{UserID='nmatyatinle', FirstName='Nickie', LastName='Matyatin', Version=1, InsuranceCompany='Company B'}
User{UserID='vstivanir7', FirstName='Vivianna', LastName='Stivani', Version=4, InsuranceCompany='Company B'}
User{UserID='tboshierqv', FirstName='Tiena', LastName='Boshier', Version=3, InsuranceCompany='Company B'}
User{UserID='egelderdcf', FirstName='Emmalee', LastName='Gelderd', Version=4, InsuranceCompany='Company B'}
User{UserID='cbilverstone8v', FirstName='Clare', LastName='Bilverstone', Version=2, InsuranceCompany='Company B'}
User{UserID='crussell94', FirstName='Connie', LastName='Russell', Version=2, InsuranceCompany='Company B'}
User{UserID='mpeaurt75', FirstName='Merv', LastName='Peaurt', Version=3, InsuranceCompany='Company B'}
User{UserID='cframmingham6s', FirstName='Cindra', LastName='Frammingham', Version=2, InsuranceCompany='Company B'}
User{UserID='awittierdl', FirstName='Anabelle', LastName='Wittier', Version=4, InsuranceCompany='Company B'}
User{UserID='sgreesthm', FirstName='Scarlet', LastName='Greest', Version=4, InsuranceCompany='Company B'}
User{UserID='bmagovern21', FirstName='Bellanca', LastName='Magovern', Version=2, InsuranceCompany='Company B'}
User{UserID='sgaizeek', FirstName='Salomon', LastName='Gaize', Version=1, InsuranceCompany='Company B'}
User{UserID='edranfield2v', FirstName='Emmy', LastName='Dranfield', Version=2, InsuranceCompany='Company B'}
User{UserID='rverne5n', FirstName='Rani', LastName='Verne', Version=4, InsuranceCompany='Company B'}
User{UserID='sstevings2n', FirstName='Salomi', LastName='Stevings', Version=3, InsuranceCompany='Company B'}
User{UserID='ikemstona3', FirstName='Inglis', LastName='Kemston', Version=1, InsuranceCompany='Company B'}
User{UserID='safieldrp', FirstName='Seward', LastName='Afield', Version=3, InsuranceCompany='Company B'}
User{UserID='dbrigdale78', FirstName='Dareen', LastName='Brigdale', Version=3, InsuranceCompany='Company B'}
User{UserID='dsearjeante0', FirstName='Dierdre', LastName='Searjeant', Version=4, InsuranceCompany='Company B'}
User{UserID='sickeringillb1', FirstName='Simeon', LastName='Ickeringill', Version=4, InsuranceCompany='Company B'}
User{UserID='rubeepu', FirstName='Raddie', LastName='Ubee', Version=1, InsuranceCompany='Company B'}
User{UserID='cbryce7v', FirstName='Conrade', LastName='Bryce', Version=2, InsuranceCompany='Company B'}
User{UserID='ameffinki', FirstName='Audrye', LastName='Meffin', Version=3, InsuranceCompany='Company B'}
User{UserID='elamburne3c', FirstName='Eberhard', LastName='Lamburne', Version=1, InsuranceCompany='Company B'}
User{UserID='lkaili7', FirstName='Lorant', LastName='Kail', Version=3, InsuranceCompany='Company B'}
User{UserID='fcocksonjm', FirstName='Ferd', LastName='Cockson', Version=1, InsuranceCompany='Company B'}
User{UserID='ttennockkq', FirstName='Tarrah', LastName='Tennock', Version=2, InsuranceCompany='Company B'}
User{UserID='jholgan1u', FirstName='Jesse', LastName='Holgan', Version=4, InsuranceCompany='Company B'}
User{UserID='bpesake6', FirstName='Babita', LastName='Pesak', Version=2, InsuranceCompany='Company B'}
User{UserID='mriguard9r', FirstName='Mattie', LastName='Riguard', Version=1, InsuranceCompany='Company B'}
User{UserID='odavidoffdh', FirstName='Odella', LastName='Davidoff', Version=1, InsuranceCompany='Company B'}
User{UserID='vblackieix', FirstName='Vincent', LastName='Blackie', Version=4, InsuranceCompany='Company B'}
User{UserID='lcoraho2', FirstName='Lynnet', LastName='Corah', Version=4, InsuranceCompany='Company B'}
User{UserID='mleblanc49', FirstName='Marlyn', LastName='Le Blanc', Version=4, InsuranceCompany='Company B'}
User{UserID='dalflatj0', FirstName='Drona', LastName='Alflat', Version=4, InsuranceCompany='Company B'}
User{UserID='tgon5o', FirstName='Thurston', LastName='Gon', Version=3, InsuranceCompany='Company B'}
User{UserID='rcoolingbo', FirstName='Ricard', LastName='Cooling', Version=2, InsuranceCompany='Company B'}
User{UserID='lwild53', FirstName='Lane', LastName='Wild', Version=4, InsuranceCompany='Company B'}
User{UserID='ehinemoor3l', FirstName='Edythe', LastName='Hinemoor', Version=3, InsuranceCompany='Company B'}
User{UserID='hcatonnetnz', FirstName='Hanny', LastName='Catonnet', Version=2, InsuranceCompany='Company B'}
User{UserID='varmisteadhf', FirstName='Vivienne', LastName='Armistead', Version=4, InsuranceCompany='Company B'}
User{UserID='mfentem8o', FirstName='Marika', LastName='Fentem', Version=2, InsuranceCompany='Company B'}
User{UserID='dpriestnallc8', FirstName='Dorolice', LastName='Priestnall', Version=1, InsuranceCompany='Company B'}
User{UserID='llavrickn5', FirstName='Lilllie', LastName='Lavrick', Version=4, InsuranceCompany='Company B'}
User{UserID='lbarterer', FirstName='Lazare', LastName='Barter', Version=4, InsuranceCompany='Company B'}
User{UserID='colerenshaw62', FirstName='Crissie', LastName='Olerenshaw', Version=4, InsuranceCompany='Company B'}
User{UserID='cfairlamh8', FirstName='Caddric', LastName='Fairlam', Version=1, InsuranceCompany='Company B'}
User{UserID='adennidgebb', FirstName='Alana', LastName='Dennidge', Version=3, InsuranceCompany='Company B'}
User{UserID='apykettaf', FirstName='Ardisj', LastName='Pykett', Version=2, InsuranceCompany='Company B'}
User{UserID='hmuglestonfb', FirstName='Hedwiga', LastName='Mugleston', Version=1, InsuranceCompany='Company B'}
User{UserID='jmcpolinnd', FirstName='Jayson', LastName='McPolin', Version=4, InsuranceCompany='Company B'}
User{UserID='aworkfe', FirstName='Adlai', LastName='Work', Version=2, InsuranceCompany='Company B'}
User{UserID='kvandendaelhs', FirstName='Katine', LastName='Van den Dael', Version=2, InsuranceCompany='Company B'}
User{UserID='pobispoff', FirstName='Pancho', LastName='Obispo', Version=1, InsuranceCompany='Company B'}
User{UserID='bteall9o', FirstName='Blythe', LastName='Teall', Version=1, InsuranceCompany='Company B'}
User{UserID='jcookeso3', FirstName='Joy', LastName='Cookes', Version=2, InsuranceCompany='Company B'}
User{UserID='jbindin4i', FirstName='Jamima', LastName='Bindin', Version=1, InsuranceCompany='Company B'}
User{UserID='lbrinsdenbx', FirstName='Loretta', LastName='Brinsden', Version=1, InsuranceCompany='Company B'}
User{UserID='pfidianlg', FirstName='Panchito', LastName='Fidian', Version=3, InsuranceCompany='Company B'}
User{UserID='acristofolo9u', FirstName='Arlen', LastName='Cristofolo', Version=2, InsuranceCompany='Company B'}
User{UserID='corrillpb', FirstName='Catharina', LastName='Orrill', Version=4, InsuranceCompany='Company B'}
User{UserID='cjurasek1f', FirstName='Carey', LastName='Jurasek', Version=1, InsuranceCompany='Company B'}
User{UserID='knecoldslc', FirstName='Kahlil', LastName='Necolds', Version=3, InsuranceCompany='Company B'}
User{UserID='sgabbitispe', FirstName='Sinclare', LastName='Gabbitis', Version=1, InsuranceCompany='Company B'}
User{UserID='bculpen2p', FirstName='Bertram', LastName='Culpen', Version=2, InsuranceCompany='Company B'}
User{UserID='jcapelin55', FirstName='Joly', LastName='Capelin', Version=1, InsuranceCompany='Company B'}
User{UserID='cmoldmq', FirstName='Colene', LastName='Mold', Version=3, InsuranceCompany='Company B'}
User{UserID='ccrebott0', FirstName='Clio', LastName='Crebott', Version=4, InsuranceCompany='Company B'}
User{UserID='bkleingrubfh', FirstName='Bord', LastName='Kleingrub', Version=2, InsuranceCompany='Company B'}
User{UserID='fpaulin4y', FirstName='Fidela', LastName='Paulin', Version=3, InsuranceCompany='Company B'}
User{UserID='pfranklengg', FirstName='Park', LastName='Franklen', Version=2, InsuranceCompany='Company B'}
User{UserID='aschurigmh', FirstName='Ariel', LastName='Schurig', Version=4, InsuranceCompany='Company B'}
User{UserID='mpoundford2d', FirstName='Merill', LastName='Poundford', Version=3, InsuranceCompany='Company B'}
User{UserID='mandreaccir1', FirstName='Myrah', LastName='Andreacci', Version=1, InsuranceCompany='Company B'}
User{UserID='ejopson5j', FirstName='Emalee', LastName='Jopson', Version=4, InsuranceCompany='Company B'}
User{UserID='ascutching4e', FirstName='Augie', LastName='Scutching', Version=3, InsuranceCompany='Company B'}
User{UserID='jtrustrieg2', FirstName='Jo ann', LastName='Trustrie', Version=3, InsuranceCompany='Company B'}
User{UserID='bweich82', FirstName='Bernetta', LastName='Weich', Version=2, InsuranceCompany='Company B'}
User{UserID='mmattgi', FirstName='Madison', LastName='Matt', Version=2, InsuranceCompany='Company B'}
User{UserID='omalenoir4g', FirstName='Oralle', LastName='Malenoir', Version=3, InsuranceCompany='Company B'}
User{UserID='ckeward1j', FirstName='Cindi', LastName='Keward', Version=3, InsuranceCompany='Company B'}
User{UserID='bwillimott23', FirstName='Bax', LastName='Willimott', Version=1, InsuranceCompany='Company B'}
User{UserID='cmelton3x', FirstName='Callie', LastName='Melton', Version=1, InsuranceCompany='Company B'}
User{UserID='mnoemw', FirstName='Mikael', LastName='Noe', Version=1, InsuranceCompany='Company B'}
User{UserID='jcraiseqs', FirstName='Jammie', LastName='Craise', Version=4, InsuranceCompany='Company B'}
User{UserID='dwithamsky', FirstName='Denna', LastName='Withams', Version=1, InsuranceCompany='Company B'}
User{UserID='vformoyms', FirstName='Venus', LastName='Formoy', Version=2, InsuranceCompany='Company B'}
User{UserID='tsawden3m', FirstName='Tiler', LastName='Sawden', Version=2, InsuranceCompany='Company B'}
User{UserID='ddilletdj', FirstName='Delmor', LastName='Dillet', Version=2, InsuranceCompany='Company B'}
User{UserID='asummerrellj2', FirstName='Atalanta', LastName='Summerrell', Version=2, InsuranceCompany='Company B'}
User{UserID='ljarritt8c', FirstName='Legra', LastName='Jarritt', Version=4, InsuranceCompany='Company B'}
User{UserID='hrenihanco', FirstName='Hedi', LastName='Renihan', Version=3, InsuranceCompany='Company B'}
User{UserID='jmary3z', FirstName='Jen', LastName='Mary', Version=2, InsuranceCompany='Company B'}
User{UserID='rmottinellict', FirstName='Reginald', LastName='Mottinelli', Version=4, InsuranceCompany='Company B'}
User{UserID='ehindrichkp', FirstName='Ellswerth', LastName='Hindrich', Version=3, InsuranceCompany='Company B'}
User{UserID='jdrakeb4', FirstName='Jaime', LastName='Drake', Version=2, InsuranceCompany='Company B'}
User{UserID='adrewsgn', FirstName='Alphonse', LastName='Drews', Vers